Workbook

Sheet Model structure
B2: Model setup | J2: Information on media constituents and cells | Q2: Equations
B3: Assumptions: | C3: 1. Test chemicals partition between test medium and cells
C4: 2. Test medium and cells are composed of water, proteins, and lipids
K6: Media | L6: protein content (mL/L) | M6: lipid content (mL/L)
K7: OptiMEM | L7: 0 | M7: 0
K8: DMEM Glutamax | L8: 0 | M8: 0
K9: Phenol-Red free DMEM | L9: 0 | M9: 0
K10: FBS | L10: 24 | M10: 1.9
K11: cs-FBS | L11: 46.77 | M11: 1.6
K12: d-FBS | L12: 37.69 | M12: 1.46
K14: Cells | L14: Water content (mL/106 cells) | M14: protein content (mL/106 cells) | N14: lipid content (mL/106 cells)
K15: HEK293T | L15: =M15/0.029*(0.018) -> 4.619906e-05 | M15: 7.4431818e-05 | N15: =M15/0.029*(0.953) -> 0.0024459835 | O15: =SUM(L15:N15) -> 0.0025666144
K16: HEK293H | L16: 0.00254848 | M16: 0.00022915 | N16: 9.667e-05
J17: Fish Rtgut | K17: HepG2 | L17: 0.00089 | M17: 6e-05 | N17: 5e-05
K18: HCT116 | L18: 0.00224571 | M18: 0.00030027 | N18: 6.623e-05
K19: Me-180 | L19: 0.00327303 | M19: 0.0003989 | N19: 0.00010728

Sheet User input and model output
I2: Model output
I5: 1. System information
I6: Total Test system | J6: Volumes (µL) | K6: MB (%) | L6: Information and comments
I7: System volume | J7: =SUM(J13,J19) -> 150.02 | K7: =J7/J7 -> 1 | L7: cells & media, MB = Mass Balance
B8: User input | I8: Total water volume | J8: =SUM(J14,J20) -> 149.2408 | K8: =J8/J7 -> 0.99480603 | L8: MB = Mass Balance
I9: Total protein volume | J9: =SUM(J15,J21) -> 0.7212 | K9: =J9/J7 -> 0.004807359 | L9: MB = Mass Balance
I10: Total lipid volume | J10: =SUM(J16,J22) -> 0.058 | K10: =J10/J7 -> 0.00038661512 | L10: MB = Mass Balance
B11: 1. Test system parameters
I12: Test medium | J12: Volumes (µL) | K12: MB (%) | L12: Information and comments
B13: Characteristics of Test medium | D13: Information and comments | I13: Total volume | J13: =SUM(J14:J16) -> 150 | K13: =J13/J13 -> 1 | L13: equals C14, MB = Mass Balance
B14: Medium volume (µL) | C14: 150 | D14: cells excluded | I14: Water volume | J14: =C14-SUM(J15:J16) -> 149.223 | K14: =J14/J13 -> 0.99482 | L14: mass balance, MB = Mass Balance
B15: Type of base medium | C15: OptiMEM | D15: Choose from comment (mouseover) or leave empty of not available | I15: Protein volume | J15: =C14/1000*IF(AND(C15="OptiMEM",C17="FBS"),C16*'Model structure'!L7+'User input and model output'!C18*'Model structure'!L10,IF(AND(C15="OptiMEM",C17="d-FBS"),C16*'Model structure'!L7+'User input and model output'!C18*'Model structure'!L12,IF(AND(C15="OptiMEM",C17="cs-FBS"),C16*'Model structure'!L7+'User input and model output'!C18*'Model structure'!L11,IF(AND(C15="DMEM Glutamax",C17="FBS"),C16*'Model structure'!L8+'User input and model output'!C18*'Model structure'!L10,IF(AND(C15="DMEM Glutamax",C17="d-FBS"),C16*'Model structure'!L8+'User input and model output'!C18*'Model structure'!L12,IF(AND(C15="DMEM Glutamax",C17="cs-FBS"),C16*'Model structure'!L8+'User input and model output'!C18*'Model structure'!L11,IF(AND(C15="Phenol-Red free DMEM",C17="FBS"),C16*'Model structure'!L9+'User input and model output'!C18*'Model structure'!L10,IF(AND(C15="Phenol-Red free DMEM",C17="d-FBS"),C16*'Model structure'!L9+'User input and model output'!C18*'Model structure'!L12,IF(AND(C15="Phenol-Red free DMEM",C17="cs-FBS"),C16*'Model structure'!L9+'User input and model output'!C18*'Model structure'!L11,C16*AVERAGE('Model structure'!L7:L9)+'User input and model output'!C18*AVERAGE('Model structure'!L10:L12)))))))))) -> 0.72 | K15: =J15/J13 -> 0.0048 | L15: MB = Mass Balance
B16: Fraction of base medium (%) | C16: 0.8 | D16: Percentage of medium base in the test medium | I16: Lipid volume | J16: =C14/1000*IF(AND(C15="OptiMEM",C17="FBS"),C16*'Model structure'!M7+'User input and model output'!C18*'Model structure'!M10,IF(AND(C15="OptiMEM",C17="d-FBS"),C16*'Model structure'!M7+'User input and model output'!C18*'Model structure'!M12,IF(AND(C15="OptiMEM",C17="cs-FBS"),C16*'Model structure'!M7+'User input and model output'!C18*'Model structure'!M11,IF(AND(C15="DMEM Glutamax",C17="FBS"),C16*'Model structure'!M8+'User input and model output'!C18*'Model structure'!M10,IF(AND(C15="DMEM Glutamax",C17="d-FBS"),C16*'Model structure'!M8+'User input and model output'!C18*'Model structure'!M12,IF(AND(C15="DMEM Glutamax",C17="cs-FBS"),C16*'Model structure'!M8+'User input and model output'!C18*'Model structure'!M11,IF(AND(C15="Phenol-Red free DMEM",C17="FBS"),C16*'Model structure'!M9+'User input and model output'!C18*'Model structure'!M10,IF(AND(C15="Phenol-Red free DMEM",C17="d-FBS"),C16*'Model structure'!M9+'User input and model output'!C18*'Model structure'!M12,IF(AND(C15="Phenol-Red free DMEM",C17="cs-FBS"),C16*'Model structure'!M9+'User input and model output'!C18*'Model structure'!M11,C16*AVERAGE('Model structure'!M7:M9)+'User input and model output'!C18*AVERAGE('Model structure'!M10:M13)))))))))) -> 0.057 | K16: =J16/J13 -> 0.00038 | L16: MB = Mass Balance
B17: Type of serum | C17: FBS | D17: Choose from comment (mouseover) or leave empty if not available
B18: Fraction of serum (%) | C18: 0.2 | D18: Percentage of serum in the test medium | I18: Cells | J18: Volumes (µL) | K18: MB (%) | L18: Information and comments
I19: Total volume | J19: =SUM(J20:J22) -> 0.02 | K19: =J19/J19 -> 1 | L19: Cells are solely composed of water, proteins, and lipids
B20: Characteristics of cells | D20: Information and comments | I20: Water volume | J20: =1000*IF(C21="HEK293T",C22/1000000*'Model structure'!L15,IF(C21="HEK293H",C22/1000000*'Model structure'!L16,IF(C21="HepG2",C22/1000000*'Model structure'!L17,IF(C21="HCT116",C22/1000000*'Model structure'!L18,IF(C21="ME-180",C22/1000000*'Model structure'!L19,C22/1000000*AVERAGE('Model structure'!L15:L19)))))) -> 0.0178 | K20: =J20/J19 -> 0.89 | L20: MB = Mass Balance
B21: Cell line | C21: HepG2 | D21: Choose from comment (mouseover) or leave empty if not available | I21: Protein volume | J21: =1000*IF(C21="HEK293T",C22/1000000*'Model structure'!M15,IF(C21="HEK293H",C22/1000000*'Model structure'!M16,IF(C21="HepG2",C22/1000000*'Model structure'!M17,IF(C21="HCT116",C22/1000000*'Model structure'!M18,IF(C21="ME-180",C22/1000000*'Model structure'!M19,C22/1000000*AVERAGE('Model structure'!M15:M19)))))) -> 0.0012 | K21: =J21/J19 -> 0.06 | L21: MB = Mass Balance
B22: Cell number at test start | C22: 20000 | D22: Plated cell number - Disregard cell growth | I22: Lipid volume | J22: =1000*IF(C21="HEK293T",C22/1000000*'Model structure'!N15,IF(C21="HEK293H",C22/1000000*'Model structure'!N16,IF(C21="HepG2",C22/1000000*'Model structure'!N17,IF(C21="HCT116",C22/1000000*'Model structure'!N18,IF(C21="ME-180",C22/1000000*'Model structure'!N19,C22/1000000*AVERAGE('Model structure'!N15:N19)))))) -> 0.001 | K22: =J22/J19 -> 0.05 | L22: MB = Mass Balance
B24: 2. Chemical parameters | I24: 2. Chemical partitioning
B26: Compound | C26: CAS | D26: log DBSA/w [L/L], pH 7.4, 37 °C | E26: log Dlip/w [L/L], pH 7.4, 37 °C | F26: (E)Cnom [mol/L] | I26: log Dmedium/w [L/L], pH 7.4, 37 °C | J26: log Dcell/w [L/L], pH 7.4, 37 °C | K26: fw,medium (%) | L26: fcell (%) | M26: fmedium (%) | N26: fmem (%) | O26: (E)Cfree [mol/Lw,medium] | P26: (E)Ccell [mol/Lcell] | Q26: (E)Cmem [mol/Lmem]
R27: umold | S27: umole
B28: Caffeine | C28: 58-08-2 | D28: 0.065248 | E28: 0.082216 | F28: 1e-06 | I28: =IF(D28=0,"",LOG($K$15*10^D28+$K$16*10^E28+$K$14)) -> 0.0003721765 | J28: =IF(D28=0,"",LOG($K$21*10^D28+$K$22*10^E28+$K$20)) -> 0.0086629514 | K28: =IF(D28=0,"",1/(1+10^D28*$J$15/$J$14+10^E28*$J$16/$J$14+10^J28*$J$19/$J$14)) -> 0.99383277 | L28: =IF(D28=0,"",1/(1+10^I28/10^J28*$J$13/$J$19)) -> 0.00013588468 | M28: =IF(D28=0,"",1-L28) -> 0.99986412 | N28: =IF(D28=0,"",1/(1/10^E28*$J$20/$J$22+10^D28/10^E28*$J$21/$J$22+10^I28/10^E28*$J$13/$J$22+1)) -> 8.0481034e-06 | O28: =IF(D28=0,"",F28*K28*$J$7/$J$14) -> 9.9914083e-07 | P28: =IF(D28=0,"",O28*10^J28) -> 1.019271e-06 | Q28: =IF(D28=0,"",F28*N28*$J$7/$J$22) -> 1.2073765e-06 | R28: =F28*$C$14 -> 0.00015 | S28: =$R28*L28 -> 2.0382702e-08 | T28: =R28*K28 -> 0.00014907492 | U28: =$R28*M28 -> 0.00014997962 | V28: =K28/M28 -> 0.99396784
B29: Lamotrigine | C29: 84057-84-1 | D29: 2.31 | E29: 2.58 | F29: 1e-06 | I29: =IF(D29=0,"",LOG($K$15*10^D29+$K$16*10^E29+$K$14)) -> 0.3261978 | J29: =IF(D29=0,"",LOG($K$21*10^D29+$K$22*10^E29+$K$20)) -> 1.5071796 | K29: =IF(D29=0,"",1/(1+10^D29*$J$15/$J$14+10^E29*$J$16/$J$14+10^J29*$J$19/$J$14)) -> 0.46845639 | L29: =IF(D29=0,"",1/(1+10^I29/10^J29*$J$13/$J$19)) -> 0.0020185662 | M29: =IF(D29=0,"",1-L29) -> 0.99798143 | N29: =IF(D29=0,"",1/(1/10^E29*$J$20/$J$22+10^D29/10^E29*$J$21/$J$22+10^I29/10^E29*$J$13/$J$22+1)) -> 0.0011935302 | O29: =IF(D29=0,"",F29*K29*$J$7/$J$14) -> 4.7095841e-07 | P29: =IF(D29=0,"",O29*10^J29) -> 1.5141265e-05 | Q29: =IF(D29=0,"",F29*N29*$J$7/$J$22) -> 0.0001790534 | R29: =F29*$C$14 -> 0.00015 | S29: =$R29*L29 -> 3.0278492e-07 | T29: =R29*K29 -> 7.0268458e-05 | U29: =$R29*M29 -> 0.00014969722 | V29: =K29/M29 -> 0.46940391
B30: Diclofenac | C30: 15307-79-6 | D30: 4.4 | E30: 2.64 | F30: 1e-06 | I30: =IF(D30=0,"",LOG($K$15*10^D30+$K$16*10^E30+$K$14)) -> 2.0854021 | J30: =IF(D30=0,"",LOG($K$21*10^D30+$K$22*10^E30+$K$20)) -> 3.1846482 | K30: =IF(D30=0,"",1/(1+10^D30*$J$15/$J$14+10^E30*$J$16/$J$14+10^J30*$J$19/$J$14)) -> 0.0081585941 | L30: =IF(D30=0,"",1/(1+10^I30/10^J30*$J$13/$J$19)) -> 0.0016728528 | M30: =IF(D30=0,"",1-L30) -> 0.99832715 | N30: =IF(D30=0,"",1/(1/10^E30*$J$20/$J$22+10^D30/10^E30*$J$21/$J$22+10^I30/10^E30*$J$13/$J$22+1)) -> 2.3865996e-05 | O30: =IF(D30=0,"",F30*K30*$J$7/$J$14) -> 8.2021691e-09 | P30: =IF(D30=0,"",O30*10^J30) -> 1.2548069e-05 | Q30: =IF(D30=0,"",F30*N30*$J$7/$J$22) -> 3.5803767e-06 | R30: =F30*$C$14 -> 0.00015 | S30: =$R30*L30 -> 2.5092793e-07 | T30: =R30*K30 -> 1.2237891e-06 | U30: =$R30*M30 -> 0.00014974907 | V30: =K30/M30 -> 0.0081722651
B31: 2,4-Dichlorophenoxyacetic | C31: 94-75-7 | D31: -0.92190615 | E31: -1.7889088 | F31: 1e-06 | I31: =IF(D31=0,"",LOG($K$15*10^D31+$K$16*10^E31+$K$14)) -> -0.0020020416 | J31: =IF(D31=0,"",LOG($K$21*10^D31+$K$22*10^E31+$K$20)) -> -0.04672611 | K31: =IF(D31=0,"",1/(1+10^D31*$J$15/$J$14+10^E31*$J$16/$J$14+10^J31*$J$19/$J$14)) -> 0.99929638 | L31: =IF(D31=0,"",1/(1+10^I31/10^J31*$J$13/$J$19)) -> 0.00012027142 | M31: =IF(D31=0,"",1-L31) -> 0.99987973 | N31: =IF(D31=0,"",1/(1/10^E31*$J$20/$J$22+10^D31/10^E31*$J$21/$J$22+10^I31/10^E31*$J$13/$J$22+1)) -> 1.0888042e-07 | O31: =IF(D31=0,"",F31*K31*$J$7/$J$14) -> 1.0046336e-06 | P31: =IF(D31=0,"",O31*10^J31) -> 9.0215591e-07 | Q31: =IF(D31=0,"",F31*N31*$J$7/$J$22) -> 1.6334241e-08 | R31: =F31*$C$14 -> 0.00015 | S31: =$R31*L31 -> 1.8040713e-08 | T31: =R31*K31 -> 0.00014989446 | U31: =$R31*M31 -> 0.00014998196 | V31: =K31/M31 -> 0.99941658
B32: (S)-Naproxen | C32: 22204-53-1 | D32: 0.5474918 | E32: 0.30136158 | F32: 1e-06 | I32: =IF(D32=0,"",LOG($K$15*10^D32+$K$16*10^E32+$K$14)) -> 0.0054008425 | J32: =IF(D32=0,"",LOG($K$21*10^D32+$K$22*10^E32+$K$20)) -> 0.07980996 | K32: =IF(D32=0,"",1/(1+10^D32*$J$15/$J$14+10^E32*$J$16/$J$14+10^J32*$J$19/$J$14)) -> 0.98236966 | L32: =IF(D32=0,"",1/(1+10^I32/10^J32*$J$13/$J$19)) -> 0.00015822647 | M32: =IF(D32=0,"",1-L32) -> 0.99984177 | N32: =IF(D32=0,"",1/(1/10^E32*$J$20/$J$22+10^D32/10^E32*$J$21/$J$22+10^I32/10^E32*$J$13/$J$22+1)) -> 1.3176521e-05 | O32: =IF(D32=0,"",F32*K32*$J$7/$J$14) -> 9.876165e-07 | P32: =IF(D32=0,"",O32*10^J32) -> 1.1868567e-06 | Q32: =IF(D32=0,"",F32*N32*$J$7/$J$22) -> 1.9767417e-06 | R32: =F32*$C$14 -> 0.00015 | S32: =$R32*L32 -> 2.373397e-08 | T32: =R32*K32 -> 0.00014735545 | U32: =$R32*M32 -> 0.00014997627 | V32: =K32/M32 -> 0.98252513
B33: Ibuprofen | C33: 15687-27-1 | D33: 1.6452318 | E33: 1.8629354 | F33: 1e-06 | I33: =IF(D33=0,"",LOG($K$15*10^D33+$K$16*10^E33+$K$14)) -> 0.091527064 | J33: =IF(D33=0,"",LOG($K$21*10^D33+$K$22*10^E33+$K$20)) -> 0.85658284 | K33: =IF(D33=0,"",1/(1+10^D33*$J$15/$J$14+10^E33*$J$16/$J$14+10^J33*$J$19/$J$14)) -> 0.80515679 | L33: =IF(D33=0,"",1/(1+10^I33/10^J33*$J$13/$J$19)) -> 0.00077563524 | M33: =IF(D33=0,"",1-L33) -> 0.99922436 | N33: =IF(D33=0,"",1/(1/10^E33*$J$20/$J$22+10^D33/10^E33*$J$21/$J$22+10^I33/10^E33*$J$13/$J$22+1)) -> 0.00039353205 | O33: =IF(D33=0,"",F33*K33*$J$7/$J$14) -> 8.0945713e-07 | P33: =IF(D33=0,"",O33*10^J33) -> 5.8180399e-06 | Q33: =IF(D33=0,"",F33*N33*$J$7/$J$22) -> 5.9037678e-05 | R33: =F33*$C$14 -> 0.00015 | S33: =$R33*L33 -> 1.1634529e-07 | T33: =R33*K33 -> 0.00012077352 | U33: =$R33*M33 -> 0.00014988365 | V33: =K33/M33 -> 0.80578178
B34: Torasemide | C34: 56211-40-6 | D34: 0.39857727 | E34: 0.08952541 | F34: 1e-06 | I34: =IF(D34=0,"",LOG($K$15*10^D34+$K$16*10^E34+$K$14)) -> 0.0031608227 | J34: =IF(D34=0,"",LOG($K$21*10^D34+$K$22*10^E34+$K$20)) -> 0.04205015 | K34: =IF(D34=0,"",1/(1+10^D34*$J$15/$J$14+10^E34*$J$16/$J$14+10^J34*$J$19/$J$14)) -> 0.98746193 | L34: =IF(D34=0,"",1/(1+10^I34/10^J34*$J$13/$J$19)) -> 0.00014580242 | M34: =IF(D34=0,"",1-L34) -> 0.9998542 | N34: =IF(D34=0,"",1/(1/10^E34*$J$20/$J$22+10^D34/10^E34*$J$21/$J$22+10^I34/10^E34*$J$13/$J$22+1)) -> 8.1322365e-06 | O34: =IF(D34=0,"",F34*K34*$J$7/$J$14) -> 9.9273596e-07 | P34: =IF(D34=0,"",O34*10^J34) -> 1.093664e-06 | Q34: =IF(D34=0,"",F34*N34*$J$7/$J$22) -> 1.2199981e-06 | R34: =F34*$C$14 -> 0.00015 | S34: =$R34*L34 -> 2.1870363e-08 | T34: =R34*K34 -> 0.00014811929 | U34: =$R34*M34 -> 0.00014997813 | V34: =K34/M34 -> 0.98760592
B35: Warfarin | C35: 81-81-2 | D35: 0.27761206 | E35: -0.082551864 | F35: 1e-06 | I35: =IF(D35=0,"",LOG($K$15*10^D35+$K$16*10^E35+$K$14)) -> 0.0018333114 | J35: =IF(D35=0,"",LOG($K$21*10^D35+$K$22*10^E35+$K$20)) -> 0.019135109 | K35: =IF(D35=0,"",1/(1+10^D35*$J$15/$J$14+10^E35*$J$16/$J$14+10^J35*$J$19/$J$14)) -> 0.99049193 | L35: =IF(D35=0,"",1/(1+10^I35/10^J35*$J$13/$J$19)) -> 0.00013873316 | M35: =IF(D35=0,"",1-L35) -> 0.99986127 | N35: =IF(D35=0,"",1/(1/10^E35*$J$20/$J$22+10^D35/10^E35*$J$21/$J$22+10^I35/10^E35*$J$13/$J$22+1)) -> 5.4886218e-06 | O35: =IF(D35=0,"",F35*K35*$J$7/$J$14) -> 9.9578215e-07 | P35: =IF(D35=0,"",O35*10^J35) -> 1.0406374e-06 | Q35: =IF(D35=0,"",F35*N35*$J$7/$J$22) -> 8.2340305e-07 | R35: =F35*$C$14 -> 0.00015 | S35: =$R35*L35 -> 2.0809974e-08 | T35: =R35*K35 -> 0.00014857379 | U35: =$R35*M35 -> 0.00014997919 | V35: =K35/M35 -> 0.99062936
B36: di-n-butylphthalate | C36: 84-74-2 | D36: 3.440928 | E36: 4.116066 | F36: 1e-06 | I36: =IF(D36=0,"",LOG($K$15*10^D36+$K$16*10^E36+$K$14)) -> 1.2834731 | J36: =IF(D36=0,"",LOG($K$21*10^D36+$K$22*10^E36+$K$20)) -> 2.9136454 | K36: =IF(D36=0,"",1/(1+10^D36*$J$15/$J$14+10^E36*$J$16/$J$14+10^J36*$J$19/$J$14)) -> 0.051500004 | L36: =IF(D36=0,"",1/(1+10^I36/10^J36*$J$13/$J$19)) -> 0.0056577903 | M36: =IF(D36=0,"",1-L36) -> 0.99434221 | N36: =IF(D36=0,"",1/(1/10^E36*$J$20/$J$22+10^D36/10^E36*$J$21/$J$22+10^I36/10^E36*$J$13/$J$22+1)) -> 0.0045085563 | O36: =IF(D36=0,"",F36*K36*$J$7/$J$14) -> 5.1775065e-08 | P36: =IF(D36=0,"",O36*10^J36) -> 4.2439085e-05 | Q36: =IF(D36=0,"",F36*N36*$J$7/$J$22) -> 0.00067637361 | R36: =F36*$C$14 -> 0.00015 | S36: =$R36*L36 -> 8.4866854e-07 | T36: =R36*K36 -> 7.7250006e-06 | U36: =$R36*M36 -> 0.00014915133 | V36: =K36/M36 -> 0.051793038
B37: hexachlorophene | C37: 70-30-4 | D37: 4.9025336 | E37: 6.4965619 | F37: 1e-06 | I37: =IF(D37=0,"",LOG($K$15*10^D37+$K$16*10^E37+$K$14)) -> 3.1977472 | J37: =IF(D37=0,"",LOG($K$21*10^D37+$K$22*10^E37+$K$20)) -> 5.2086076 | K37: =IF(D37=0,"",1/(1+10^D37*$J$15/$J$14+10^E37*$J$16/$J$14+10^J37*$J$19/$J$14)) -> 0.00062244401 | L37: =IF(D37=0,"",1/(1+10^I37/10^J37*$J$13/$J$19)) -> 0.013486588 | M37: =IF(D37=0,"",1-L37) -> 0.98651341 | N37: =IF(D37=0,"",1/(1/10^E37*$J$20/$J$22+10^D37/10^E37*$J$21/$J$22+10^I37/10^E37*$J$13/$J$22+1)) -> 0.013086588 | O37: =IF(D37=0,"",F37*K37*$J$7/$J$14) -> 6.2576848e-10 | P37: =IF(D37=0,"",O37*10^J37) -> 0.0001011629 | Q37: =IF(D37=0,"",F37*N37*$J$7/$J$22) -> 0.0019632499 | R37: =F37*$C$14 -> 0.00015 | S37: =$R37*L37 -> 2.0229882e-06 | T37: =R37*K37 -> 9.3366602e-08 | U37: =$R37*M37 -> 0.00014797701 | V37: =K37/M37 -> 0.00063095342
B38: hexamethylenetetramine | C38: 100-97-0 | D38: -0.51108881 | E38: -1.2045066 | F38: 1e-06 | I38: =IF(D38=0,"",LOG($K$15*10^D38+$K$16*10^E38+$K$14)) -> -0.0015996885 | J38: =IF(D38=0,"",LOG($K$21*10^D38+$K$22*10^E38+$K$20)) -> -0.040187316 | K38: =IF(D38=0,"",1/(1+10^D38*$J$15/$J$14+10^E38*$J$16/$J$14+10^J38*$J$19/$J$14)) -> 0.9983693 | L38: =IF(D38=0,"",1/(1+10^I38/10^J38*$J$13/$J$19)) -> 0.00012198267 | M38: =IF(D38=0,"",1-L38) -> 0.99987802 | N38: =IF(D38=0,"",1/(1/10^E38*$J$20/$J$22+10^D38/10^E38*$J$21/$J$22+10^I38/10^E38*$J$13/$J$22+1)) -> 4.1778115e-07 | O38: =IF(D38=0,"",F38*K38*$J$7/$J$14) -> 1.0037016e-06 | P38: =IF(D38=0,"",O38*10^J38) -> 9.14992e-07 | Q38: =IF(D38=0,"",F38*N38*$J$7/$J$22) -> 6.2675528e-08 | R38: =F38*$C$14 -> 0.00015 | S38: =$R38*L38 -> 1.82974e-08 | T38: =R38*K38 -> 0.00014975539 | U38: =$R38*M38 -> 0.0001499817 | V38: =K38/M38 -> 0.9984911
B39: Malathion | C39: 121-75-5 | D39: 2.341416 | E39: 2.476732 | F39: 1e-06 | I39: =IF(D39=0,"",LOG($K$15*10^D39+$K$16*10^E39+$K$14)) -> 0.33491051 | J39: =IF(D39=0,"",LOG($K$21*10^D39+$K$22*10^E39+$K$20)) -> 1.4630863 | K39: =IF(D39=0,"",1/(1+10^D39*$J$15/$J$14+10^E39*$J$16/$J$14+10^J39*$J$19/$J$14)) -> 0.45925811 | L39: =IF(D39=0,"",1/(1+10^I39/10^J39*$J$13/$J$19)) -> 0.001787876 | M39: =IF(D39=0,"",1-L39) -> 0.99821212 | N39: =IF(D39=0,"",1/(1/10^E39*$J$20/$J$22+10^D39/10^E39*$J$21/$J$22+10^I39/10^E39*$J$13/$J$22+1)) -> 0.00092247174 | O39: =IF(D39=0,"",F39*K39*$J$7/$J$14) -> 4.6171101e-07 | P39: =IF(D39=0,"",O39*10^J39) -> 1.3410858e-05 | Q39: =IF(D39=0,"",F39*N39*$J$7/$J$22) -> 0.00013838921 | R39: =F39*$C$14 -> 0.00015 | S39: =$R39*L39 -> 2.681814e-07 | T39: =R39*K39 -> 6.8888717e-05 | U39: =$R39*M39 -> 0.00014973182 | V39: =K39/M39 -> 0.46008068
... B96: Perfluorobutanesulfonic_acid | C96: 375-73-5 | D96: -5.828 | E96: -8.768 | F96: 1e-06 | I96: =IF(D96=0,"",LOG($K$15*10^D96+$K$16*10^E96+$K$14)) -> -0.0022554891 | J96: =IF(D96=0,"",LOG($K$21*10^D96+$K$22*10^E96+$K$20)) -> -0.05060995 | K96: =IF(D96=0,"",1/(1+10^D96*$J$15/$J$14+10^E96*$J$16/$J$14+10^J96*$J$19/$J$14)) -> 0.99988072 | L96: =IF(D96=0,"",1/(1+10^I96/10^J96*$J$13/$J$19)) -> 0.00011927034 | M96: =IF(D96=0,"",1-L96) -> 0.99988073 | N96: =IF(D96=0,"",1/(1/10^E96*$J$20/$J$22+10^D96/10^E96*$J$21/$J$22+10^I96/10^E96*$J$13/$J$22+1)) -> 1.1431742e-14 | O96: =IF(D96=0,"",F96*K96*$J$7/$J$14) -> 1.0052211e-06 | P96: =IF(D96=0,"",O96*10^J96) -> 8.9464686e-07 | Q96: =IF(D96=0,"",F96*N96*$J$7/$J$22) -> 1.71499e-15 | R96: =F96*$C$14 -> 0.00015 | S96: =$R96*L96 -> 1.7890552e-08 | T96: =R96*K96 -> 0.00014998211 | U96: =$R96*M96 -> 0.00014998211 | V96: =K96/M96 -> 0.99999999
B97: 4_2_Fluorotelomer_sulfonic_acid | C97: 757124-72-4 | D97: ˂1 | E97: -4.1624004 | F97: 1e-06 | I97: =IF(D97=0,"",LOG($K$15*10^D97+$K$16*10^E97+$K$14)) -> #VALUE! | J97: =IF(D97=0,"",LOG($K$21*10^D97+$K$22*10^E97+$K$20)) -> #VALUE! | K97: =IF(D97=0,"",1/(1+10^D97*$J$15/$J$14+10^E97*$J$16/$J$14+10^J97*$J$19/$J$14)) -> #VALUE! | L97: =IF(D97=0,"",1/(1+10^I97/10^J97*$J$13/$J$19)) -> #VALUE! | M97: =IF(D97=0,"",1-L97) -> #VALUE! | N97: =IF(D97=0,"",1/(1/10^E97*$J$20/$J$22+10^D97/10^E97*$J$21/$J$22+10^I97/10^E97*$J$13/$J$22+1)) -> #VALUE! | O97: =IF(D97=0,"",F97*K97*$J$7/$J$14) -> #VALUE! | P97: =IF(D97=0,"",O97*10^J97) -> #VALUE! | Q97: =IF(D97=0,"",F97*N97*$J$7/$J$22) -> #VALUE! | R97: =F97*$C$14 -> 0.00015
B98: Perfluorononanoic_acid | C98: 375-95-1 | D98: 4.54 | E98: 4.25 | F98: 1e-06 | I98: =IF(D98=0,"",LOG($K$15*10^D98+$K$16*10^E98+$K$14)) -> 2.2410132 | J98: =IF(D98=0,"",LOG($K$21*10^D98+$K$22*10^E98+$K$20)) -> 3.4728224 | K98: =IF(D98=0,"",1/(1+10^D98*$J$15/$J$14+10^E98*$J$16/$J$14+10^J98*$J$19/$J$14)) -> 0.0056982955 | L98: =IF(D98=0,"",1/(1+10^I98/10^J98*$J$13/$J$19)) -> 0.002268619 | M98: =IF(D98=0,"",1-L98) -> 0.99773138 | N98: =IF(D98=0,"",1/(1/10^E98*$J$20/$J$22+10^D98/10^E98*$J$21/$J$22+10^I98/10^E98*$J$13/$J$22+1)) -> 0.00067906165 | O98: =IF(D98=0,"",F98*K98*$J$7/$J$14) -> 5.7287301e-09 | P98: =IF(D98=0,"",O98*10^J98) -> 1.7016911e-05 | Q98: =IF(D98=0,"",F98*N98*$J$7/$J$22) -> 0.00010187283 | R98: =F98*$C$14 -> 0.00015 | S98: =$R98*L98 -> 3.4029285e-07 | T98: =R98*K98 -> 8.5474433e-07 | U98: =$R98*M98 -> 0.00014965971 | V98: =K98/M98 -> 0.0057112522
B99: Perfluorohexanoic_acid | C99: 307-24-4 | D99: 2.83 | E99: 2.32 | F99: 1e-06 | I99: =IF(D99=0,"",LOG($K$15*10^D99+$K$16*10^E99+$K$14)) -> 0.63542458 | J99: =IF(D99=0,"",LOG($K$21*10^D99+$K$22*10^E99+$K$20)) -> 1.7151796 | K99: =IF(D99=0,"",1/(1+10^D99*$J$15/$J$14+10^E99*$J$16/$J$14+10^J99*$J$19/$J$14)) -> 0.22994538 | L99: =IF(D99=0,"",1/(1+10^I99/10^J99*$J$13/$J$19)) -> 0.0015995525 | M99: =IF(D99=0,"",1-L99) -> 0.99840045 | N99: =IF(D99=0,"",1/(1/10^E99*$J$20/$J$22+10^D99/10^E99*$J$21/$J$22+10^I99/10^E99*$J$13/$J$22+1)) -> 0.00032195037 | O99: =IF(D99=0,"",F99*K99*$J$7/$J$14) -> 2.3117352e-07 | P99: =IF(D99=0,"",O99*10^J99) -> 1.1998243e-05 | Q99: =IF(D99=0,"",F99*N99*$J$7/$J$22) -> 4.8298994e-05 | R99: =F99*$C$14 -> 0.00015 | S99: =$R99*L99 -> 2.3993287e-07 | T99: =R99*K99 -> 3.4491807e-05 | U99: =$R99*M99 -> 0.00014976007 | V99: =K99/M99 -> 0.23031378
B100: Perfluorobutanoic_acid | C100: 375-22-4 | D100: ˂1 | E100: 1.7 | F100: 1e-06 | I100: =IF(D100=0,"",LOG($K$15*10^D100+$K$16*10^E100+$K$14)) -> #VALUE! | J100: =IF(D100=0,"",LOG($K$21*10^D100+$K$22*10^E100+$K$20)) -> #VALUE! | K100: =IF(D100=0,"",1/(1+10^D100*$J$15/$J$14+10^E100*$J$16/$J$14+10^J100*$J$19/$J$14)) -> #VALUE! | L100: =IF(D100=0,"",1/(1+10^I100/10^J100*$J$13/$J$19)) -> #VALUE! | M100: =IF(D100=0,"",1-L100) -> #VALUE! | N100: =IF(D100=0,"",1/(1/10^E100*$J$20/$J$22+10^D100/10^E100*$J$21/$J$22+10^I100/10^E100*$J$13/$J$22+1)) -> #VALUE! | O100: =IF(D100=0,"",F100*K100*$J$7/$J$14) -> #VALUE! | P100: =IF(D100=0,"",O100*10^J100) -> #VALUE! | Q100: =IF(D100=0,"",F100*N100*$J$7/$J$22) -> #VALUE! | R100: =F100*$C$14 -> 0.00015
B101: Perfluorooctanoic_acid | C101: 335-67-1 | D101: 4.2 | E101: 3.52 | F101: 1e-06 | I101: =IF(D101=0,"",LOG($K$15*10^D101+$K$16*10^E101+$K$14)) -> 1.893917 | J101: =IF(D101=0,"",LOG($K$21*10^D101+$K$22*10^E101+$K$20)) -> 3.0482054 | K101: =IF(D101=0,"",1/(1+10^D101*$J$15/$J$14+10^E101*$J$16/$J$14+10^J101*$J$19/$J$14)) -> 0.012676584 | L101: =IF(D101=0,"",1/(1+10^I101/10^J101*$J$13/$J$19)) -> 0.0018984616 | M101: =IF(D101=0,"",1-L101) -> 0.99810154 | N101: =IF(D101=0,"",1/(1/10^E101*$J$20/$J$22+10^D101/10^E101*$J$21/$J$22+10^I101/10^E101*$J$13/$J$22+1)) -> 0.00028129789 | O101: =IF(D101=0,"",F101*K101*$J$7/$J$14) -> 1.274429e-08 | P101: =IF(D101=0,"",O101*10^J101) -> 1.4240361e-05 | Q101: =IF(D101=0,"",F101*N101*$J$7/$J$22) -> 4.220031e-05 | R101: =F101*$C$14 -> 0.00015 | S101: =$R101*L101 -> 2.8476925e-07 | T101: =R101*K101 -> 1.9014876e-06 | U101: =$R101*M101 -> 0.00014971523 | V101: =K101/M101 -> 0.012700696
B102: 6_2_Fluorotelomer_sulfonic_acid | C102: 27619-97-2 | D102: 3.44 | E102: -2.9403004 | F102: 1e-06 | I102: =IF(D102=0,"",LOG($K$15*10^D102+$K$16*10^E102+$K$14)) -> 1.1527505 | J102: =IF(D102=0,"",LOG($K$21*10^D102+$K$22*10^E102+$K$20)) -> 2.2204841 | K102: =IF(D102=0,"",1/(1+10^D102*$J$15/$J$14+10^E102*$J$16/$J$14+10^J102*$J$19/$J$14)) -> 0.069874347 | L102: =IF(D102=0,"",1/(1+10^I102/10^J102*$J$13/$J$19)) -> 0.0015559516 | M102: =IF(D102=0,"",1-L102) -> 0.99844405 | N102: =IF(D102=0,"",1/(1/10^E102*$J$20/$J$22+10^D102/10^E102*$J$21/$J$22+10^I102/10^E102*$J$13/$J$22+1)) -> 5.3725635e-10 | O102: =IF(D102=0,"",F102*K102*$J$7/$J$14) -> 7.0247546e-08 | P102: =IF(D102=0,"",O102*10^J102) -> 1.1671193e-05 | Q102: =IF(D102=0,"",F102*N102*$J$7/$J$22) -> 8.0599198e-11 | R102: =F102*$C$14 -> 0.00015 | S102: =$R102*L102 -> 2.3339274e-07 | T102: =R102*K102 -> 1.0481152e-05 | U102: =$R102*M102 -> 0.00014976661 | V102: =K102/M102 -> 0.069983238
B103: 8_2_Fluorotelomer_sulfonic_acid | C103: 39108-34-4 | D103: 4.49 | E103: -1.7182004 | F103: 1e-06 | I103: =IF(D103=0,"",LOG($K$15*10^D103+$K$16*10^E103+$K$14)) -> 2.1741442 | J103: =IF(D103=0,"",LOG($K$21*10^D103+$K$22*10^E103+$K$20)) -> 3.2683599 | K103: =IF(D103=0,"",1/(1+10^D103*$J$15/$J$14+10^E103*$J$16/$J$14+10^J103*$J$19/$J$14)) -> 0.0066509177 | L103: =IF(D103=0,"",1/(1+10^I103/10^J103*$J$13/$J$19)) -> 0.0016536199 | M103: =IF(D103=0,"",1-L103) -> 0.99834638 | N103: =IF(D103=0,"",1/(1/10^E103*$J$20/$J$22+10^D103/10^E103*$J$21/$J$22+10^I103/10^E103*$J$13/$J$22+1)) -> 8.5279642e-10 | O103: =IF(D103=0,"",F103*K103*$J$7/$J$14) -> 6.6864403e-09 | P103: =IF(D103=0,"",O103*10^J103) -> 1.2403803e-05 | Q103: =IF(D103=0,"",F103*N103*$J$7/$J$22) -> 1.2793652e-10 | R103: =F103*$C$14 -> 0.00015 | S103: =$R103*L103 -> 2.4804298e-07 | T103: =R103*K103 -> 9.9763766e-07 | U103: =$R103*M103 -> 0.00014975196 | V103: =K103/M103 -> 0.006661934
B104: Perfluoroundecanoic_acid | C104: 2058-94-8 | D104: 5.17 | E104: 4.54 | F104: 1e-06 | I104: =IF(D104=0,"",LOG($K$15*10^D104+$K$16*10^E104+$K$14)) -> 2.8598242 | J104: =IF(D104=0,"",LOG($K$21*10^D104+$K$22*10^E104+$K$20)) -> 4.0256836 | K104: =IF(D104=0,"",1/(1+10^D104*$J$15/$J$14+10^E104*$J$16/$J$14+10^J104*$J$19/$J$14)) -> 0.0013711114 | L104: =IF(D104=0,"",1/(1+10^I104/10^J104*$J$13/$J$19)) -> 0.0019496228 | M104: =IF(D104=0,"",1-L104) -> 0.99805038 | N104: =IF(D104=0,"",1/(1/10^E104*$J$20/$J$22+10^D104/10^E104*$J$21/$J$22+10^I104/10^E104*$J$13/$J$22+1)) -> 0.00031859354 | O104: =IF(D104=0,"",F104*K104*$J$7/$J$14) -> 1.3784345e-09 | P104: =IF(D104=0,"",O104*10^J104) -> 1.4624121e-05 | Q104: =IF(D104=0,"",F104*N104*$J$7/$J$22) -> 4.7795402e-05 | R104: =F104*$C$14 -> 0.00015 | S104: =$R104*L104 -> 2.9244342e-07 | T104: =R104*K104 -> 2.056667e-07 | U104: =$R104*M104 -> 0.00014970756 | V104: =K104/M104 -> 0.0013737897
B105: Perfluorooctanesulfonic_acid | C105: 1763-23-1 | D105: 4.76 | E105: 4.89 | F105: 1e-06 | I105: =IF(D105=0,"",LOG($K$15*10^D105+$K$16*10^E105+$K$14)) -> 2.4867186 | J105: =IF(D105=0,"",LOG($K$21*10^D105+$K$22*10^E105+$K$20)) -> 3.8653862 | K105: =IF(D105=0,"",1/(1+10^D105*$J$15/$J$14+10^E105*$J$16/$J$14+10^J105*$J$19/$J$14)) -> 0.0032332802 | L105: =IF(D105=0,"",1/(1+10^I105/10^J105*$J$13/$J$19)) -> 0.0031785115 | M105: =IF(D105=0,"",1-L105) -> 0.99682149 | N105: =IF(D105=0,"",1/(1/10^E105*$J$20/$J$22+10^D105/10^E105*$J$21/$J$22+10^I105/10^E105*$J$13/$J$22+1)) -> 0.0016819287 | O105: =IF(D105=0,"",F105*K105*$J$7/$J$14) -> 3.2505491e-09 | P105: =IF(D105=0,"",O105*10^J105) -> 2.3842014e-05 | Q105: =IF(D105=0,"",F105*N105*$J$7/$J$22) -> 0.00025232294 | R105: =F105*$C$14 -> 0.00015 | S105: =$R105*L105 -> 4.7677672e-07 | T105: =R105*K105 -> 4.8499202e-07 | U105: =$R105*M105 -> 0.00014952322 | V105: =K105/M105 -> 0.0032435899
B106: Perfluoroheptanoic_acid | C106: 375-85-9 | D106: 3.93 | E106: 2.91 | F106: 1e-06 | I106: =IF(D106=0,"",LOG($K$15*10^D106+$K$16*10^E106+$K$14)) -> 1.6248833 | J106: =IF(D106=0,"",LOG($K$21*10^D106+$K$22*10^E106+$K$20)) -> 2.7421077 | K106: =IF(D106=0,"",1/(1+10^D106*$J$15/$J$14+10^E106*$J$16/$J$14+10^J106*$J$19/$J$14)) -> 0.023556099 | L106: =IF(D106=0,"",1/(1+10^I106/10^J106*$J$13/$J$19)) -> 0.0017434331 | M106: =IF(D106=0,"",1-L106) -> 0.99825657 | N106: =IF(D106=0,"",1/(1/10^E106*$J$20/$J$22+10^D106/10^E106*$J$21/$J$22+10^I106/10^E106*$J$13/$J$22+1)) -> 0.0001283121 | O106: =IF(D106=0,"",F106*K106*$J$7/$J$14) -> 2.3681912e-08 | P106: =IF(D106=0,"",O106*10^J106) -> 1.3077492e-05 | Q106: =IF(D106=0,"",F106*N106*$J$7/$J$22) -> 1.9249381e-05 | R106: =F106*$C$14 -> 0.00015 | S106: =$R106*L106 -> 2.6151497e-07 | T106: =R106*K106 -> 3.5334149e-06 | U106: =$R106*M106 -> 0.00014973849 | V106: =K106/M106 -> 0.023597239
B107: Perfluoropentanoic_acid | C107: 2706-90-3 | D107: ˂1 | E107: N/A | F107: 1e-06 | I107: =IF(D107=0,"",LOG($K$15*10^D107+$K$16*10^E107+$K$14)) -> #VALUE! | J107: =IF(D107=0,"",LOG($K$21*10^D107+$K$22*10^E107+$K$20)) -> #VALUE! | K107: =IF(D107=0,"",1/(1+10^D107*$J$15/$J$14+10^E107*$J$16/$J$14+10^J107*$J$19/$J$14)) -> #VALUE! | L107: =IF(D107=0,"",1/(1+10^I107/10^J107*$J$13/$J$19)) -> #VALUE! | M107: =IF(D107=0,"",1-L107) -> #VALUE! | N107: =IF(D107=0,"",1/(1/10^E107*$J$20/$J$22+10^D107/10^E107*$J$21/$J$22+10^I107/10^E107*$J$13/$J$22+1)) -> #VALUE! | O107: =IF(D107=0,"",F107*K107*$J$7/$J$14) -> #VALUE! | P107: =IF(D107=0,"",O107*10^J107) -> #VALUE! | Q107: =IF(D107=0,"",F107*N107*$J$7/$J$22) -> #VALUE! | R107: =F107*$C$14 -> 0.00015
B108: Perfluorohexanesulfonic_acid | C108: 355-46-4 | D108: 4.61 | E108: 4.13 | F108: 1e-06 | I108: =IF(D108=0,"",LOG($K$15*10^D108+$K$16*10^E108+$K$14)) -> 2.3046271 | J108: =IF(D108=0,"",LOG($K$21*10^D108+$K$22*10^E108+$K$20)) -> 3.4941063 | K108: =IF(D108=0,"",1/(1+10^D108*$J$15/$J$14+10^E108*$J$16/$J$14+10^J108*$J$19/$J$14)) -> 0.0049229173 | L108: =IF(D108=0,"",1/(1+10^I108/10^J108*$J$13/$J$19)) -> 0.0020583682 | M108: =IF(D108=0,"",1-L108) -> 0.99794163 | N108: =IF(D108=0,"",1/(1/10^E108*$J$20/$J$22+10^D108/10^E108*$J$21/$J$22+10^I108/10^E108*$J$13/$J$22+1)) -> 0.00044502742 | O108: =IF(D108=0,"",F108*K108*$J$7/$J$14) -> 4.9492106e-09 | P108: =IF(D108=0,"",O108*10^J108) -> 1.543982e-05 | Q108: =IF(D108=0,"",F108*N108*$J$7/$J$22) -> 6.6763013e-05 | R108: =F108*$C$14 -> 0.00015 | S108: =$R108*L108 -> 3.0875524e-07 | T108: =R108*K108 -> 7.3843759e-07 | U108: =$R108*M108 -> 0.00014969124 | V108: =K108/M108 -> 0.0049330713
B109: Perfluorodecanoic_acid | C109: 335-76-2 | D109: 4.81 | E109: 4.82 | F109: 1e-06 | I109: =IF(D109=0,"",LOG($K$15*10^D109+$K$16*10^E109+$K$14)) -> 2.5263589 | J109: =IF(D109=0,"",LOG($K$21*10^D109+$K$22*10^E109+$K$20)) -> 3.8560206 | K109: =IF(D109=0,"",1/(1+10^D109*$J$15/$J$14+10^E109*$J$16/$J$14+10^J109*$J$19/$J$14)) -> 0.0029522307 | L109: =IF(D109=0,"",1/(1+10^I109/10^J109*$J$13/$J$19)) -> 0.0028403057 | M109: =IF(D109=0,"",1-L109) -> 0.99715969 | N109: =IF(D109=0,"",1/(1/10^E109*$J$20/$J$22+10^D109/10^E109*$J$21/$J$22+10^I109/10^E109*$J$13/$J$22+1)) -> 0.0013071172 | O109: =IF(D109=0,"",F109*K109*$J$7/$J$14) -> 2.9679986e-09 | P109: =IF(D109=0,"",O109*10^J109) -> 2.1305133e-05 | Q109: =IF(D109=0,"",F109*N109*$J$7/$J$22) -> 0.00019609372 | R109: =F109*$C$14 -> 0.00015 | S109: =$R109*L109 -> 4.2604585e-07 | T109: =R109*K109 -> 4.4283461e-07 | U109: =$R109*M109 -> 0.00014957395 | V109: =K109/M109 -> 0.0029606399
B110: cyclosporine A | C110: 59865-13-3 | D110: 3.19 | E110: 1.4 | F110: 1e-06 | I110: =IF(D110=0,"",LOG($K$15*10^D110+$K$16*10^E110+$K$14)) -> 0.92627477 | J110: =IF(D110=0,"",LOG($K$21*10^D110+$K$22*10^E110+$K$20)) -> 1.9780661 | K110: =IF(D110=0,"",1/(1+10^D110*$J$15/$J$14+10^E110*$J$16/$J$14+10^J110*$J$19/$J$14)) -> 0.11771121 | L110: =IF(D110=0,"",1/(1+10^I110/10^J110*$J$13/$J$19)) -> 0.0014999546 | M110: =IF(D110=0,"",1-L110) -> 0.99850005 | N110: =IF(D110=0,"",1/(1/10^E110*$J$20/$J$22+10^D110/10^E110*$J$21/$J$22+10^I110/10^E110*$J$13/$J$22+1)) -> 1.9814452e-05 | O110: =IF(D110=0,"",F110*K110*$J$7/$J$14) -> 1.1833991e-07 | P110: =IF(D110=0,"",O110*10^J110) -> 1.1251159e-05 | Q110: =IF(D110=0,"",F110*N110*$J$7/$J$22) -> 2.972564e-06 | R110: =F110*$C$14 -> 0.00015 | S110: =$R110*L110 -> 2.2499319e-07 | T110: =R110*K110 -> 1.7656682e-05 | U110: =$R110*M110 -> 0.00014977501 | V110: =K110/M110 -> 0.11788804
B111: chlorpromazine | C111: 50-53-3 | D111: 2.8380318 | E111: 3.5597354 | F111: 1e-06 | I111: =IF(D111=0,"",LOG($K$15*10^D111+$K$16*10^E111+$K$14)) -> 0.75430625 | J111: =IF(D111=0,"",LOG($K$21*10^D111+$K$22*10^E111+$K$20)) -> 2.3495507 | K111: =IF(D111=0,"",1/(1+10^D111*$J$15/$J$14+10^E111*$J$16/$J$14+10^J111*$J$19/$J$14)) -> 0.1742465 | L111: =IF(D111=0,"",1/(1+10^I111/10^J111*$J$13/$J$19)) -> 0.0052228672 | M111: =IF(D111=0,"",1-L111) -> 0.99477713 | N111: =IF(D111=0,"",1/(1/10^E111*$J$20/$J$22+10^D111/10^E111*$J$21/$J$22+10^I111/10^E111*$J$13/$J$22+1)) -> 0.0042370511 | O111: =IF(D111=0,"",F111*K111*$J$7/$J$14) -> 1.7517715e-07 | P111: =IF(D111=0,"",O111*10^J111) -> 3.9176727e-05 | Q111: =IF(D111=0,"",F111*N111*$J$7/$J$22) -> 0.0006356424 | R111: =F111*$C$14 -> 0.00015 | S111: =$R111*L111 -> 7.8343008e-07 | T111: =R111*K111 -> 2.6136974e-05 | U111: =$R111*M111 -> 0.00014921657 | V111: =K111/M111 -> 0.17516134
B112: PBDE 47 | C112: 5436-43-1 | D112: 5.419136 | E112: 6.733317 | F112: 1e-06 | I112: =IF(D112=0,"",LOG($K$15*10^D112+$K$16*10^E112+$K$14)) -> 3.5207954 | J112: =IF(D112=0,"",LOG($K$21*10^D112+$K$22*10^E112+$K$20)) -> 5.4568604 | K112: =IF(D112=0,"",1/(1+10^D112*$J$15/$J$14+10^E112*$J$16/$J$14+10^J112*$J$19/$J$14)) -> 0.00029646933 | L112: =IF(D112=0,"",1/(1+10^I112/10^J112*$J$13/$J$19)) -> 0.011377173 | M112: =IF(D112=0,"",1-L112) -> 0.98862283 | N112: =IF(D112=0,"",1/(1/10^E112*$J$20/$J$22+10^D112/10^E112*$J$21/$J$22+10^I112/10^E112*$J$13/$J$22+1)) -> 0.010751301 | O112: =IF(D112=0,"",F112*K112*$J$7/$J$14) -> 2.9805278e-10 | P112: =IF(D112=0,"",O112*10^J112) -> 8.5340175e-05 | Q112: =IF(D112=0,"",F112*N112*$J$7/$J$22) -> 0.0016129101 | R112: =F112*$C$14 -> 0.00015 | S112: =$R112*L112 -> 1.706576e-06 | T112: =R112*K112 -> 4.44704e-08 | U112: =$R112*M112 -> 0.00014829342 | V112: =K112/M112 -> 0.00029988113
B113: PBDE 99 | C113: 60348-60-9 | D113: 5.689536 | E113: 7.119767 | F113: 1e-06 | I113: =IF(D113=0,"",LOG($K$15*10^D113+$K$16*10^E113+$K$14)) -> 3.8666483 | J113: =IF(D113=0,"",LOG($K$21*10^D113+$K$22*10^E113+$K$20)) -> 5.8376712 | K113: =IF(D113=0,"",1/(1+10^D113*$J$15/$J$14+10^E113*$J$16/$J$14+10^J113*$J$19/$J$14)) -> 0.00013357121 | L113: =IF(D113=0,"",1/(1+10^I113/10^J113*$J$13/$J$19)) -> 0.01231908 | M113: =IF(D113=0,"",1-L113) -> 0.98768092 | N113: =IF(D113=0,"",1/(1/10^E113*$J$20/$J$22+10^D113/10^E113*$J$21/$J$22+10^I113/10^E113*$J$13/$J$22+1)) -> 0.011793538 | O113: =IF(D113=0,"",F113*K113*$J$7/$J$14) -> 1.3428462e-10 | P113: =IF(D113=0,"",O113*10^J113) -> 9.2405418e-05 | Q113: =IF(D113=0,"",F113*N113*$J$7/$J$22) -> 0.0017692665 | R113: =F113*$C$14 -> 0.00015 | S113: =$R113*L113 -> 1.847862e-06 | T113: =R113*K113 -> 2.0035682e-08 | U113: =$R113*M113 -> 0.00014815214 | V113: =K113/M113 -> 0.00013523721
B114: PBDE 153 | C114: 68631-49-2 | D114: 6.006536 | E114: 7.555217 | F114: 1e-06 | I114: =IF(D114=0,"",LOG($K$15*10^D114+$K$16*10^E114+$K$14)) -> 4.2676323 | J114: =IF(D114=0,"",LOG($K$21*10^D114+$K$22*10^E114+$K$20)) -> 6.2686756 | K114: =IF(D114=0,"",1/(1+10^D114*$J$15/$J$14+10^E114*$J$16/$J$14+10^J114*$J$19/$J$14)) -> 5.3008576e-05 | L114: =IF(D114=0,"",1/(1+10^I114/10^J114*$J$13/$J$19)) -> 0.013189125 | M114: =IF(D114=0,"",1-L114) -> 0.98681088 | N114: =IF(D114=0,"",1/(1/10^E114*$J$20/$J$22+10^D114/10^E114*$J$21/$J$22+10^I114/10^E114*$J$13/$J$22+1)) -> 0.012756378 | O114: =IF(D114=0,"",F114*K114*$J$7/$J$14) -> 5.3291694e-11 | P114: =IF(D114=0,"",O114*10^J114) -> 9.8931623e-05 | Q114: =IF(D114=0,"",F114*N114*$J$7/$J$22) -> 0.0019137118 | R114: =F114*$C$14 -> 0.00015 | S114: =$R114*L114 -> 1.9783687e-06 | T114: =R114*K114 -> 7.9512863e-09 | U114: =$R114*M114 -> 0.00014802163 | V114: =K114/M114 -> 5.3717056e-05
B115: amiodarone | C115: 1951-25-3 | D115: 4.6510503 | E115: 6.138818 | F115: 1e-06 | I115: =IF(D115=0,"",LOG($K$15*10^D115+$K$16*10^E115+$K$14)) -> 2.8686694 | J115: =IF(D115=0,"",LOG($K$21*10^D115+$K$22*10^E115+$K$20)) -> 4.8544221 | K115: =IF(D115=0,"",1/(1+10^D115*$J$15/$J$14+10^E115*$J$16/$J$14+10^J115*$J$19/$J$14)) -> 0.0013289457 | L115: =IF(D115=0,"",1/(1+10^I115/10^J115*$J$13/$J$19)) -> 0.012738655 | M115: =IF(D115=0,"",1-L115) -> 0.98726135 | N115: =IF(D115=0,"",1/(1/10^E115*$J$20/$J$22+10^D115/10^E115*$J$21/$J$22+10^I115/10^E115*$J$13/$J$22+1)) -> 0.012259973 | O115: =IF(D115=0,"",F115*K115*$J$7/$J$14) -> 1.3360436e-09 | P115: =IF(D115=0,"",O115*10^J115) -> 9.5552649e-05 | Q115: =IF(D115=0,"",F115*N115*$J$7/$J$22) -> 0.0018392411 | R115: =F115*$C$14 -> 0.00015 | S115: =$R115*L115 -> 1.9107982e-06 | T115: =R115*K115 -> 1.9934186e-07 | U115: =$R115*M115 -> 0.0001480892 | V115: =K115/M115 -> 0.0013460932
B116: Azathioprine | C116: 446-86-6 | D116: -0.12236334 | E116: -0.65153095 | F116: 1e-06 | I116: =IF(D116=0,"",LOG($K$15*10^D116+$K$16*10^E116+$K$14)) -> -0.00064054243 | J116: =IF(D116=0,"",LOG($K$21*10^D116+$K$22*10^E116+$K$20)) -> -0.023915236 | K116: =IF(D116=0,"",1/(1+10^D116*$J$15/$J$14+10^E116*$J$16/$J$14+10^J116*$J$19/$J$14)) -> 0.99616246 | L116: =IF(D116=0,"",1/(1+10^I116/10^J116*$J$13/$J$19)) -> 0.00012635987 | M116: =IF(D116=0,"",1-L116) -> 0.99987364 | N116: =IF(D116=0,"",1/(1/10^E116*$J$20/$J$22+10^D116/10^E116*$J$21/$J$22+10^I116/10^E116*$J$13/$J$22+1)) -> 1.4892357e-06 | O116: =IF(D116=0,"",F116*K116*$J$7/$J$14) -> 1.001483e-06 | P116: =IF(D116=0,"",O116*10^J116) -> 9.4782537e-07 | Q116: =IF(D116=0,"",F116*N116*$J$7/$J$22) -> 2.2341514e-07 | R116: =F116*$C$14 -> 0.00015 | S116: =$R116*L116 -> 1.895398e-08 | T116: =R116*K116 -> 0.00014942437 | U116: =$R116*M116 -> 0.00014998105 | V116: =K116/M116 -> 0.99628835
B117: Benzocaine | C117: 94-09-7 | D117: 1.825352 | E117: 2.079349 | F117: 1e-06 | I117: =IF(D117=0,"",LOG($K$15*10^D117+$K$16*10^E117+$K$14)) -> 0.13401854 | J117: =IF(D117=0,"",LOG($K$21*10^D117+$K$22*10^E117+$K$20)) -> 1.0376509 | K117: =IF(D117=0,"",1/(1+10^D117*$J$15/$J$14+10^E117*$J$16/$J$14+10^J117*$J$19/$J$14)) -> 0.72989835 | L117: =IF(D117=0,"",1/(1+10^I117/10^J117*$J$13/$J$19)) -> 0.0010668602 | M117: =IF(D117=0,"",1-L117) -> 0.99893314 | N117: =IF(D117=0,"",1/(1/10^E117*$J$20/$J$22+10^D117/10^E117*$J$21/$J$22+10^I117/10^E117*$J$13/$J$22+1)) -> 0.0005871859 | O117: =IF(D117=0,"",F117*K117*$J$7/$J$14) -> 7.3379674e-07 | P117: =IF(D117=0,"",O117*10^J117) -> 8.002518e-06 | Q117: =IF(D117=0,"",F117*N117*$J$7/$J$22) -> 8.8089629e-05 | R117: =F117*$C$14 -> 0.00015 | S117: =$R117*L117 -> 1.6002902e-07 | T117: =R117*K117 -> 0.00010948475 | U117: =$R117*M117 -> 0.00014983997 | V117: =K117/M117 -> 0.73067788
B118: Butylated hydroxyanisole | C118: 25013-16-5 | D118: 2.8482 | E118: 3.5742 | F118: 1e-06 | I118: =IF(D118=0,"",LOG($K$15*10^D118+$K$16*10^E118+$K$14)) -> 0.7637617 | J118: =IF(D118=0,"",LOG($K$21*10^D118+$K$22*10^E118+$K$20)) -> 2.3631679 | K118: =IF(D118=0,"",1/(1+10^D118*$J$15/$J$14+10^E118*$J$16/$J$14+10^J118*$J$19/$J$14)) -> 0.17048523 | L118: =IF(D118=0,"",1/(1+10^I118/10^J118*$J$13/$J$19)) -> 0.0052728921 | M118: =IF(D118=0,"",1-L118) -> 0.99472711 | N118: =IF(D118=0,"",1/(1/10^E118*$J$20/$J$22+10^D118/10^E118*$J$21/$J$22+10^I118/10^E118*$J$13/$J$22+1)) -> 0.0042859882 | O118: =IF(D118=0,"",F118*K118*$J$7/$J$14) -> 1.7139579e-07 | P118: =IF(D118=0,"",O118*10^J118) -> 3.9551963e-05 | Q118: =IF(D118=0,"",F118*N118*$J$7/$J$22) -> 0.00064298395 | R118: =F118*$C$14 -> 0.00015 | S118: =$R118*L118 -> 7.9093381e-07 | T118: =R118*K118 -> 2.5572784e-05 | U118: =$R118*M118 -> 0.00014920907 | V118: =K118/M118 -> 0.17138894
B119: Cetirizine dihydrochloride | C119: 83881-52-1 | D119: -0.98996462 | E119: -1.8857243 | F119: 1e-06 | I119: =IF(D119=0,"",LOG($K$15*10^D119+$K$16*10^E119+$K$14)) -> -0.0020389427 | J119: =IF(D119=0,"",LOG($K$21*10^D119+$K$22*10^E119+$K$20)) -> -0.047308877 | K119: =IF(D119=0,"",1/(1+10^D119*$J$15/$J$14+10^E119*$J$16/$J$14+10^J119*$J$19/$J$14)) -> 0.99938144 | L119: =IF(D119=0,"",1/(1+10^I119/10^J119*$J$13/$J$19)) -> 0.00012012036 | M119: =IF(D119=0,"",1-L119) -> 0.99987988 | N119: =IF(D119=0,"",1/(1/10^E119*$J$20/$J$22+10^D119/10^E119*$J$21/$J$22+10^I119/10^E119*$J$13/$J$22+1)) -> 8.7130697e-08 | O119: =IF(D119=0,"",F119*K119*$J$7/$J$14) -> 1.0047191e-06 | P119: =IF(D119=0,"",O119*10^J119) -> 9.0102283e-07 | Q119: =IF(D119=0,"",F119*N119*$J$7/$J$22) -> 1.3071347e-08 | R119: =F119*$C$14 -> 0.00015 | S119: =$R119*L119 -> 1.8018054e-08 | T119: =R119*K119 -> 0.00014990722 | U119: =$R119*M119 -> 0.00014998198 | V119: =K119/M119 -> 0.9995015
... B143: Warfarin | C143: 129-06-6 | D143: 3.46 | E143: 2.6248 | F143: 1e-06 | I143: =IF(D143=0,"",LOG($K$15*10^D143+$K$16*10^E143+$K$14)) -> 1.1760433 | J143: =IF(D143=0,"",LOG($K$21*10^D143+$K$22*10^E143+$K$20)) -> 2.2900502 | K143: =IF(D143=0,"",1/(1+10^D143*$J$15/$J$14+10^E143*$J$16/$J$14+10^J143*$J$19/$J$14)) -> 0.066213877 | L143: =IF(D143=0,"",1/(1+10^I143/10^J143*$J$13/$J$19)) -> 0.0017305871 | M143: =IF(D143=0,"",1-L143) -> 0.99826941 | N143: =IF(D143=0,"",1/(1/10^E143*$J$20/$J$22+10^D143/10^E143*$J$21/$J$22+10^I143/10^E143*$J$13/$J$22+1)) -> 0.00018703084 | O143: =IF(D143=0,"",F143*K143*$J$7/$J$14) -> 6.6567525e-08 | P143: =IF(D143=0,"",O143*10^J143) -> 1.2981134e-05 | Q143: =IF(D143=0,"",F143*N143*$J$7/$J$22) -> 2.8058367e-05 | R143: =F143*$C$14 -> 0.00015 | S143: =$R143*L143 -> 2.5958806e-07 | T143: =R143*K143 -> 9.9320815e-06 | U143: =$R143*M143 -> 0.00014974041 | V143: =K143/M143 -> 0.066328664
